{"mus": [31.2423940186889], "sigmas": [4.52902648541528], "scores": [17.655314562443], "ranks": [142], "wins": 74, "losses": 68, "strat": "Unknown"}