{"mus": [31.2423940186889, 31.8476809030447, 31.8476809030447, 31.8476809030447], "sigmas": [4.52902648541528, 2.94102552574835, 2.94102552574835, 2.94102552574835], "scores": [17.655314562443, 23.0246043257996, 23.0246043257996, 23.0246043257996], "ranks": [142, 117, 116, 116], "wins": 76, "losses": 70, "strat": "Unknown"}