{"mus": [8.67256982079089, 8.48078600859245], "sigmas": [0.987242239826127, 0.974764873233488], "scores": [5.71084310131251, 5.55649138889198], "ranks": [178, 181], "wins": 40, "losses": 48, "strat": "Unknown"}