{"mus": [8.67256982079089], "sigmas": [0.987242239826127], "scores": [5.71084310131251], "ranks": [178], "wins": 38, "losses": 46, "strat": "Unknown"}