{"mus": [26.0021224840946], "sigmas": [0.8032928817351], "scores": [23.5922438388893], "ranks": [110], "wins": 238, "losses": 240, "strat": "Unknown"}