{"mus": [26.0021224840946, 25.8269519828911, 25.8269519828911], "sigmas": [0.8032928817351, 0.801592267654365, 0.801592267654365], "scores": [23.5922438388893, 23.422175179928, 23.422175179928], "ranks": [110, 112, 111], "wins": 239, "losses": 243, "strat": "Unknown"}