{"mus": [22.1386484121845], "sigmas": [0.791266510297285], "scores": [19.7648488812927], "ranks": [129], "wins": 171, "losses": 186, "strat": "Unknown"}