{"mus": [22.1386484121845, 21.9951848637333], "sigmas": [0.791266510297285, 0.792148315965217], "scores": [19.7648488812927, 19.6187399158377], "ranks": [129, 132], "wins": 172, "losses": 189, "strat": "Unknown"}