{"mus": [13.7818455014333, 13.9786199832151], "sigmas": [0.816268006762141, 0.813451032991434], "scores": [11.3330414811469, 11.5382668842408], "ranks": [166, 167], "wins": 222, "losses": 314, "strat": "Unknown"}