{"mus": [13.7818455014333], "sigmas": [0.816268006762141], "scores": [11.3330414811469], "ranks": [166], "wins": 219, "losses": 313, "strat": "Unknown"}