{"mus": [23.4614749817995], "sigmas": [0.799885954531373], "scores": [21.0618171182053], "ranks": [125], "wins": 123, "losses": 127, "strat": "Unknown"}