{"mus": [23.4614749817995, 23.6309687263212], "sigmas": [0.799885954531373, 0.79863848736529], "scores": [21.0618171182053, 21.2350532642253], "ranks": [125, 125], "wins": 126, "losses": 128, "strat": "Unknown"}