{"mus": [19.8412302353443, 19.880921820763, 19.880921820763, 19.880921820763], "sigmas": [0.789726279493566, 0.788562507463529, 0.788562507463529, 0.788562507463529], "scores": [17.4720513968636, 17.5152342983724, 17.5152342983724, 17.5152342983724], "ranks": [143, 143, 143, 143], "wins": 214, "losses": 286, "strat": "Unknown"}