{"mus": [19.8412302353443], "sigmas": [0.789726279493566], "scores": [17.4720513968636], "ranks": [143], "wins": 212, "losses": 284, "strat": "Unknown"}