{"mus": [21.7917316486423], "sigmas": [0.838551036349258], "scores": [19.2760785395946], "ranks": [131], "wins": 71, "losses": 73, "strat": "Unknown"}