{"mus": [21.7917316486423, 21.768312299563, 21.768312299563], "sigmas": [0.838551036349258, 0.833188737000852, 0.833188737000852], "scores": [19.2760785395946, 19.2687460885605, 19.2687460885605], "ranks": [131, 133, 133], "wins": 73, "losses": 75, "strat": "Unknown"}