{"mus": [20.7059672576187], "sigmas": [0.836559010037873], "scores": [18.1962902275051], "ranks": [138], "wins": 68, "losses": 64, "strat": "Unknown"}