{"mus": [20.7059672576187, 20.8905096068464], "sigmas": [0.836559010037873, 0.831264892048316], "scores": [18.1962902275051, 18.3967149307014], "ranks": [138, 140], "wins": 71, "losses": 65, "strat": "Unknown"}