{"mus": [29.2854511491013], "sigmas": [0.792442090966677], "scores": [26.9081248762012], "ranks": [91], "wins": 206, "losses": 209, "strat": "Unknown"}