{"mus": [29.2854511491013, 29.3158615474067, 29.3158615474067], "sigmas": [0.792442090966677, 0.792782810996243, 0.792782810996243], "scores": [26.9081248762012, 26.9375131144179, 26.9375131144179], "ranks": [91, 92, 91], "wins": 208, "losses": 211, "strat": "Unknown"}