{"mus": [30.2020066687641], "sigmas": [0.853488642967889], "scores": [27.6415407398604], "ranks": [89], "wins": 66, "losses": 58, "strat": "Unknown"}