{"mus": [30.2020066687641, 30.4247254102251], "sigmas": [0.853488642967889, 0.846788911793289], "scores": [27.6415407398604, 27.8843586748452], "ranks": [89, 91], "wins": 69, "losses": 59, "strat": "Unknown"}