{"mus": [13.3816836303378], "sigmas": [0.814878503831679], "scores": [10.9370481188427], "ranks": [167], "wins": 74, "losses": 75, "strat": "Unknown"}