{"mus": [13.3816836303378, 13.4143188547173], "sigmas": [0.814878503831679, 0.811072172742407], "scores": [10.9370481188427, 10.9811023364901], "ranks": [167, 168], "wins": 76, "losses": 77, "strat": "Unknown"}