{"mus": [22.6196101580043, 22.6530535235124, 22.6530535235124], "sigmas": [0.825558514606139, 0.821250726337112, 0.821250726337112], "scores": [20.1429346141859, 20.1893013445011, 20.1893013445011], "ranks": [127, 129, 129], "wins": 116, "losses": 114, "strat": "Unknown"}