{"mus": [22.6196101580043], "sigmas": [0.825558514606139], "scores": [20.1429346141859], "ranks": [127], "wins": 114, "losses": 112, "strat": "Unknown"}