{"mus": [52.6144594113047, 52.7105208801517, 52.7105208801517, 52.7105208801517], "sigmas": [0.910556742764026, 0.901368347364632, 0.901368347364632, 0.901368347364632], "scores": [49.8827891830126, 50.0064158380578, 50.0064158380578, 50.0064158380578], "ranks": [11, 9, 9, 9], "wins": 258, "losses": 234, "strat": "Unknown"}