{"mus": [52.6144594113047], "sigmas": [0.910556742764026], "scores": [49.8827891830126], "ranks": [11], "wins": 256, "losses": 230, "strat": "Unknown"}