{"mus": [18.2113203101648], "sigmas": [0.787471839141468], "scores": [15.8489047927404], "ranks": [150], "wins": 208, "losses": 188, "strat": "Unknown"}