{"mus": [18.2113203101648, 18.0312291635108], "sigmas": [0.787471839141468, 0.786845307302608], "scores": [15.8489047927404, 15.670693241603], "ranks": [150, 151], "wins": 209, "losses": 191, "strat": "Unknown"}