{"mus": [53.1615234031216, 52.6803339542361, 52.6803339542361, 52.6803339542361], "sigmas": [0.979149096952466, 0.963400260219934, 0.963400260219934, 0.963400260219934], "scores": [50.2240761122642, 49.7901331735763, 49.7901331735763, 49.7901331735763], "ranks": [10, 10, 10, 10], "wins": 99, "losses": 73, "strat": "Unknown"}