{"mus": [53.1615234031216], "sigmas": [0.979149096952466], "scores": [50.2240761122642], "ranks": [10], "wins": 99, "losses": 69, "strat": "Unknown"}