{"mus": [12.4864664650127], "sigmas": [0.955053834404561], "scores": [9.62130496179903], "ranks": [169], "wins": 240, "losses": 281, "strat": "Unknown"}