{"mus": [12.4864664650127, 12.439698706086, 12.439698706086, 12.439698706086], "sigmas": [0.955053834404561, 0.938806935436293, 0.938806935436293, 0.938806935436293], "scores": [9.62130496179903, 9.62327789977712, 9.62327789977712, 9.62327789977712], "ranks": [169, 170, 170, 170], "wins": 242, "losses": 283, "strat": "Unknown"}