{"mus": [18.6818666686328], "sigmas": [0.785412273249803], "scores": [16.3256298488834], "ranks": [148], "wins": 227, "losses": 248, "strat": "Unknown"}