{"mus": [18.6818666686328, 18.8392270447394], "sigmas": [0.785412273249803, 0.785180898919031], "scores": [16.3256298488834, 16.4836843479823], "ranks": [148, 148], "wins": 230, "losses": 249, "strat": "Unknown"}