{"mus": [26.7174761385474], "sigmas": [1.33384650684734], "scores": [22.7159366180053], "ranks": [116], "wins": 222, "losses": 251, "strat": "Unknown"}