{"mus": [26.7174761385474, 27.1188751733231, 27.1188751733231, 27.1188751733231], "sigmas": [1.33384650684734, 1.26558666296322, 1.26558666296322, 1.26558666296322], "scores": [22.7159366180053, 23.3221151844335, 23.3221151844335, 23.3221151844335], "ranks": [116, 113, 112, 112], "wins": 225, "losses": 252, "strat": "Unknown"}