{"mus": [23.3328621891756, 23.5270611557274], "sigmas": [0.841128295270314, 0.835554877682298], "scores": [20.8094773033647, 21.0203965226805], "ranks": [126, 128], "wins": 117, "losses": 112, "strat": "Unknown"}