{"mus": [23.3328621891756], "sigmas": [0.841128295270314], "scores": [20.8094773033647], "ranks": [126], "wins": 114, "losses": 111, "strat": "Unknown"}