{"mus": [40.8090801702294], "sigmas": [0.901328716681699], "scores": [38.1050940201843], "ranks": [40], "wins": 111, "losses": 94, "strat": "Unknown"}