{"mus": [40.8090801702294, 40.9585057899893, 40.9585057899893], "sigmas": [0.901328716681699, 0.887677893084368, 0.887677893084368], "scores": [38.1050940201843, 38.2954721107361, 38.2954721107361], "ranks": [40, 42, 41], "wins": 114, "losses": 96, "strat": "Unknown"}