{"mus": [21.1924004898988], "sigmas": [0.786755403441862], "scores": [18.8321342795732], "ranks": [133], "wins": 163, "losses": 175, "strat": "Unknown"}