{"mus": [21.1924004898988, 21.0318533589121, 21.0318533589121, 21.0318533589121], "sigmas": [0.786755403441862, 0.786447394903159, 0.786447394903159, 0.786447394903159], "scores": [18.8321342795732, 18.6725111742027, 18.6725111742027, 18.6725111742027], "ranks": [133, 138, 138, 138], "wins": 164, "losses": 178, "strat": "Unknown"}