{"mus": [43.2628732588819], "sigmas": [1.09413197498606], "scores": [39.9804773339237], "ranks": [33], "wins": 61, "losses": 35, "strat": "Unknown"}