{"mus": [43.2628732588819, 42.6237267629896, 42.6237267629896, 42.6237267629896], "sigmas": [1.09413197498606, 1.06210567486892, 1.06210567486892, 1.06210567486892], "scores": [39.9804773339237, 39.4374097383829, 39.4374097383829, 39.4374097383829], "ranks": [33, 40, 39, 38], "wins": 61, "losses": 39, "strat": "Unknown"}