{"mus": [7.99331047663869, 8.28644543000047, 8.28644543000047, 8.28644543000047], "sigmas": [0.82211445945186, 0.823000479029881, 0.823000479029881, 0.823000479029881], "scores": [5.52696709828311, 5.81744399291083, 5.81744399291083, 5.81744399291083], "ranks": [179, 179, 179, 179], "wins": 221, "losses": 221, "strat": "Unknown"}