{"mus": [7.99331047663869], "sigmas": [0.82211445945186], "scores": [5.52696709828311], "ranks": [179], "wins": 217, "losses": 221, "strat": "Unknown"}