{"mus": [54.0696377837195, 52.880718495566, 52.880718495566], "sigmas": [2.31294533474548, 1.99107084600529, 1.99107084600529], "scores": [47.130801779483, 46.9075059575502, 46.9075059575502], "ranks": [15, 17, 17], "wins": 287, "losses": 231, "strat": "Unknown"}