{"mus": [54.0696377837195], "sigmas": [2.31294533474548], "scores": [47.130801779483], "ranks": [15], "wins": 286, "losses": 228, "strat": "Unknown"}