{"mus": [39.8087623512154], "sigmas": [2.4175580068559], "scores": [32.5560883306477], "ranks": [65], "wins": 174, "losses": 175, "strat": "Unknown"}