{"mus": [39.8087623512154, 40.8865695164398], "sigmas": [2.4175580068559, 2.04210529965634], "scores": [32.5560883306477, 34.7602536174708], "ranks": [65, 59], "wins": 177, "losses": 176, "strat": "Unknown"}