{"mus": [28.8490423632774], "sigmas": [0.826913494781196], "scores": [26.3683018789339], "ranks": [95], "wins": 307, "losses": 343, "strat": "Unknown"}