{"mus": [28.8490423632774, 29.0230654500067, 29.0230654500067, 29.0230654500067], "sigmas": [0.826913494781196, 0.822889700054581, 0.822889700054581, 0.822889700054581], "scores": [26.3683018789339, 26.5543963498429, 26.5543963498429, 26.5543963498429], "ranks": [95, 95, 94, 94], "wins": 310, "losses": 344, "strat": "Unknown"}