{"mus": [24.9425471911975, 24.9666052740062, 24.9666052740062, 24.9666052740062], "sigmas": [0.852002918367633, 0.845047282727283, 0.845047282727283, 0.845047282727283], "scores": [22.3865384360946, 22.4314634258243, 22.4314634258243, 22.4314634258243], "ranks": [119, 122, 121, 121], "wins": 64, "losses": 57, "strat": "Unknown"}