{"mus": [10.5656313677064, 10.4403915557414], "sigmas": [0.85186738911188, 0.845926998650506], "scores": [8.01002920037078, 7.90261055978992], "ranks": [173, 176], "wins": 64, "losses": 69, "strat": "Unknown"}