{"mus": [10.5656313677064], "sigmas": [0.85186738911188], "scores": [8.01002920037078], "ranks": [173], "wins": 63, "losses": 66, "strat": "Unknown"}