{"mus": [65.0039605780092], "sigmas": [1.00302241232463], "scores": [61.9948933410353], "ranks": [4], "wins": 458, "losses": 107, "strat": "Unknown"}