{"mus": [24.9425471911975], "sigmas": [0.852002918367633], "scores": [22.3865384360946], "ranks": [119], "wins": 62, "losses": 55, "strat": "Unknown"}