{"mus": [65.0039605780092, 65.3966920979944, 65.3966920979944], "sigmas": [1.00302241232463, 8.333, 8.333], "scores": [61.9948933410353, 40.3976920979944, 40.3976920979944], "ranks": [4, 35, 34], "wins": 466, "losses": 110, "strat": "Unknown"}