{"mus": [19.8468501819471, 19.6864715037412, 19.6864715037412, 19.6864715037412], "sigmas": [0.830918774541207, 0.82716051956529, 0.82716051956529, 0.82716051956529], "scores": [17.3540938583234, 17.2049899450453, 17.2049899450453, 17.2049899450453], "ranks": [144, 145, 145, 145], "wins": 72, "losses": 65, "strat": "Unknown"}