{"mus": [19.8468501819471], "sigmas": [0.830918774541207], "scores": [17.3540938583234], "ranks": [144], "wins": 71, "losses": 62, "strat": "Unknown"}