{"mus": [36.3432909934308], "sigmas": [1.16909146907571], "scores": [32.8360165862037], "ranks": [62], "wins": 126, "losses": 105, "strat": "Unknown"}