{"mus": [36.3432909934308, 36.0274766303776, 36.0274766303776, 36.0274766303776], "sigmas": [1.16909146907571, 1.12660933735202, 1.12660933735202, 1.12660933735202], "scores": [32.8360165862037, 32.6476486183215, 32.6476486183215, 32.6476486183215], "ranks": [62, 67, 66, 65], "wins": 127, "losses": 108, "strat": "Unknown"}