{"mus": [17.6388200854035, 17.6237560212204], "sigmas": [0.837647917843226, 0.832180499811674], "scores": [15.1258763318738, 15.1272145217854], "ranks": [154, 155], "wins": 62, "losses": 76, "strat": "Unknown"}