{"mus": [17.6388200854035], "sigmas": [0.837647917843226], "scores": [15.1258763318738], "ranks": [154], "wins": 60, "losses": 74, "strat": "Unknown"}