{"mus": [45.033281465619, 44.6036098668623, 44.6036098668623, 44.6036098668623], "sigmas": [0.83295924409238, 0.829243978005718, 0.829243978005718, 0.829243978005718], "scores": [42.5344037333418, 42.1158779328451, 42.1158779328451, 42.1158779328451], "ranks": [26, 27, 27, 27], "wins": 181, "losses": 223, "strat": "Unknown"}