{"mus": [45.033281465619], "sigmas": [0.83295924409238], "scores": [42.5344037333418], "ranks": [26], "wins": 181, "losses": 218, "strat": "Unknown"}