{"mus": [28.2749055363859, 28.4993277730959, 28.4993277730959], "sigmas": [0.850000181164782, 0.843730550655417, 0.843730550655417], "scores": [25.7249049928916, 25.9681361211297, 25.9681361211297], "ranks": [99, 98, 97], "wins": 69, "losses": 62, "strat": "Unknown"}