{"mus": [11.5587428216727, 11.7557904164731, 11.7557904164731], "sigmas": [0.793913053140249, 0.79255222852404, 0.79255222852404], "scores": [9.17700366225192, 9.37813373090103, 9.37813373090103], "ranks": [171, 172, 172], "wins": 157, "losses": 173, "strat": "Unknown"}