{"mus": [40.6880122337318], "sigmas": [0.998138359320998], "scores": [37.6935971557688], "ranks": [43], "wins": 216, "losses": 226, "strat": "Unknown"}