{"mus": [11.5587428216727], "sigmas": [0.793913053140249], "scores": [9.17700366225192], "ranks": [171], "wins": 154, "losses": 172, "strat": "Unknown"}