{"mus": [28.2749055363859], "sigmas": [0.850000181164782], "scores": [25.7249049928916], "ranks": [99], "wins": 66, "losses": 61, "strat": "Unknown"}