{"mus": [40.6880122337318, 41.1521249648338, 41.1521249648338, 41.1521249648338], "sigmas": [0.998138359320998, 0.971545814570148, 0.971545814570148, 0.971545814570148], "scores": [37.6935971557688, 38.2374875211234, 38.2374875211234, 38.2374875211234], "ranks": [43, 43, 42, 41], "wins": 220, "losses": 227, "strat": "Unknown"}