{"mus": [26.2096869302067, 26.5774426449478, 26.5774426449478], "sigmas": [0.787700664812416, 0.787060746744878, 0.787060746744878], "scores": [23.8465849357695, 24.2162604047132, 24.2162604047132], "ranks": [108, 109, 108], "wins": 251, "losses": 225, "strat": "Unknown"}