{"mus": [26.2096869302067], "sigmas": [0.787700664812416], "scores": [23.8465849357695], "ranks": [108], "wins": 247, "losses": 225, "strat": "Unknown"}