{"mus": [33.9871127108418], "sigmas": [0.857252584424288], "scores": [31.415354957569], "ranks": [73], "wins": 143, "losses": 128, "strat": "Unknown"}