{"mus": [33.9871127108418, 33.7570892166725, 33.7570892166725, 33.7570892166725], "sigmas": [0.857252584424288, 0.850343329854005, 0.850343329854005, 0.850343329854005], "scores": [31.415354957569, 31.2060592271105, 31.2060592271105, 31.2060592271105], "ranks": [73, 77, 76, 75], "wins": 144, "losses": 131, "strat": "Unknown"}