{"mus": [32.4162382645581], "sigmas": [0.967337185991784], "scores": [29.5142267065827], "ranks": [82], "wins": 207, "losses": 307, "strat": "Unknown"}