{"mus": [32.4162382645581, 32.3747114929039, 32.3747114929039, 32.3747114929039], "sigmas": [0.967337185991784, 0.950212119662649, 0.950212119662649, 0.950212119662649], "scores": [29.5142267065827, 29.524075133916, 29.524075133916, 29.524075133916], "ranks": [82, 83, 82, 81], "wins": 210, "losses": 309, "strat": "Unknown"}