{"mus": [40.5216020068432], "sigmas": [1.55140338843215], "scores": [35.8673918415468], "ranks": [50], "wins": 230, "losses": 203, "strat": "Unknown"}