{"mus": [40.5216020068432, 40.4629491760045], "sigmas": [1.55140338843215, 1.44321562409131], "scores": [35.8673918415468, 36.1333023037305], "ranks": [50, 53], "wins": 232, "losses": 205, "strat": "Unknown"}