{"mus": [48.1299304111788, 52.8051791260369, 52.8051791260369], "sigmas": [8.333, 3.79478312083219, 3.79478312083219], "scores": [23.1309304111788, 41.4208297635403, 41.4208297635403], "ranks": [113, 31, 30], "wins": 305, "losses": 215, "strat": "Unknown"}