{"mus": [48.1299304111788], "sigmas": [8.333], "scores": [23.1309304111788], "ranks": [113], "wins": 301, "losses": 213, "strat": "Unknown"}