{"mus": [68.5577729249959], "sigmas": [1.13159032867704], "scores": [65.1630019389648], "ranks": [1], "wins": 205, "losses": 71, "strat": "Unknown"}