{"mus": [31.1544564754296], "sigmas": [1.93836778037346], "scores": [25.3393531343092], "ranks": [100], "wins": 85, "losses": 127, "strat": "Unknown"}