{"mus": [68.5577729249959, 67.9259741279957], "sigmas": [1.13159032867704, 1.08994943116046], "scores": [65.1630019389648, 64.6561258345143], "ranks": [1, 1], "wins": 206, "losses": 75, "strat": "Unknown"}