{"mus": [31.1544564754296, 30.2565611583163], "sigmas": [1.93836778037346, 1.72854965937894], "scores": [25.3393531343092, 25.0709121801795], "ranks": [100, 104], "wins": 86, "losses": 130, "strat": "Unknown"}