{"mus": [48.7796740766723, 49.2044845602144, 49.2044845602144, 49.2044845602144], "sigmas": [0.934931612891495, 0.925534306578584, 0.925534306578584, 0.925534306578584], "scores": [45.9748792379978, 46.4278816404787, 46.4278816404787, 46.4278816404787], "ranks": [17, 18, 18, 18], "wins": 223, "losses": 212, "strat": "Unknown"}