{"mus": [48.7796740766723], "sigmas": [0.934931612891495], "scores": [45.9748792379978], "ranks": [17], "wins": 219, "losses": 212, "strat": "Unknown"}