{"mus": [38.0430570217693], "sigmas": [0.825375457173076], "scores": [35.5669306502501], "ranks": [51], "wins": 123, "losses": 90, "strat": "Unknown"}