{"mus": [38.0430570217693, 37.8427541689681, 37.8427541689681], "sigmas": [0.825375457173076, 0.821870432130902, 0.821870432130902], "scores": [35.5669306502501, 35.3771428725754, 35.3771428725754], "ranks": [51, 56, 55], "wins": 124, "losses": 95, "strat": "Unknown"}