{"mus": [34.019699463206, 34.1872545702172, 34.1872545702172], "sigmas": [0.804412474675799, 0.80262994064564, 0.80262994064564], "scores": [31.6064620391786, 31.7793647482803, 31.7793647482803], "ranks": [72, 74, 73], "wins": 210, "losses": 198, "strat": "Unknown"}