{"mus": [34.019699463206], "sigmas": [0.804412474675799], "scores": [31.6064620391786], "ranks": [72], "wins": 207, "losses": 197, "strat": "Unknown"}