{"mus": [54.141957187943], "sigmas": [0.974556463075974], "scores": [51.218287798715], "ranks": [9], "wins": 215, "losses": 223, "strat": "Unknown"}