{"mus": [54.141957187943, 54.6281794504345, 54.6281794504345], "sigmas": [0.974556463075974, 0.95939777672939, 0.95939777672939], "scores": [51.218287798715, 51.7499861202463, 51.7499861202463], "ranks": [9, 8, 8], "wins": 219, "losses": 224, "strat": "Unknown"}