{"mus": [26.8833248497411, 27.1726848925114], "sigmas": [0.945349033501065, 0.929447938602861], "scores": [24.0472777492379, 24.3843410767028], "ranks": [107, 107], "wins": 241, "losses": 240, "strat": "Unknown"}