{"mus": [26.8833248497411], "sigmas": [0.945349033501065], "scores": [24.0472777492379], "ranks": [107], "wins": 238, "losses": 238, "strat": "Unknown"}