{"mus": [28.5606848996138, 28.1212070420411], "sigmas": [1.27617476795721, 1.21561780553178], "scores": [24.7321605957421, 24.4743536254458], "ranks": [102, 106], "wins": 224, "losses": 239, "strat": "Unknown"}