{"mus": [28.5606848996138], "sigmas": [1.27617476795721], "scores": [24.7321605957421], "ranks": [102], "wins": 223, "losses": 236, "strat": "Unknown"}