{"mus": [43.1974420383591], "sigmas": [1.09482013036603], "scores": [39.912981647261], "ranks": [34], "wins": 223, "losses": 218, "strat": "Unknown"}