{"mus": [43.1974420383591, 42.8924924941307], "sigmas": [1.09482013036603, 1.06254782050743], "scores": [39.912981647261, 39.7048490326084], "ranks": [34, 37], "wins": 224, "losses": 221, "strat": "Unknown"}