{"mus": [31.1127393852632], "sigmas": [0.807145099564599], "scores": [28.6913040865694], "ranks": [84], "wins": 149, "losses": 145, "strat": "Unknown"}