{"mus": [31.1127393852632, 30.9141138337029, 30.9141138337029, 30.9141138337029], "sigmas": [0.807145099564599, 0.805406826846424, 0.805406826846424, 0.805406826846424], "scores": [28.6913040865694, 28.4978933531637, 28.4978933531637, 28.4978933531637], "ranks": [84, 86, 85, 84], "wins": 150, "losses": 148, "strat": "Unknown"}