{"mus": [25.8223218599195], "sigmas": [0.832596211667229], "scores": [23.3245332249178], "ranks": [112], "wins": 208, "losses": 268, "strat": "Unknown"}