{"mus": [25.8223218599195, 25.7974818727624, 25.7974818727624, 25.7974818727624], "sigmas": [0.832596211667229, 0.82774959418903, 0.82774959418903, 0.82774959418903], "scores": [23.3245332249178, 23.3142330901953, 23.3142330901953, 23.3142330901953], "ranks": [112, 114, 113, 113], "wins": 210, "losses": 270, "strat": "Unknown"}