{"mus": [17.4773786885605, 17.662783356868], "sigmas": [0.829156877255024, 0.825069021762936], "scores": [14.9899080567954, 15.1875762915792], "ranks": [155, 154], "wins": 58, "losses": 81, "strat": "Unknown"}