{"mus": [17.4773786885605], "sigmas": [0.829156877255024], "scores": [14.9899080567954], "ranks": [155], "wins": 55, "losses": 80, "strat": "Unknown"}