{"mus": [35.1710778391298], "sigmas": [0.862556598773417], "scores": [32.5834080428096], "ranks": [63], "wins": 191, "losses": 186, "strat": "Unknown"}