{"mus": [35.1710778391298, 35.4074633811886, 35.4074633811886, 35.4074633811886], "sigmas": [0.862556598773417, 0.855315171626342, 0.855315171626342, 0.855315171626342], "scores": [32.5834080428096, 32.8415178663096, 32.8415178663096, 32.8415178663096], "ranks": [63, 65, 64, 63], "wins": 194, "losses": 187, "strat": "Unknown"}