{"mus": [44.4565237638393, 43.4952046637955], "sigmas": [1.36902450464343, 1.29735285859013], "scores": [40.349450249909, 39.6031460880251], "ranks": [32, 38], "wins": 73, "losses": 78, "strat": "Unknown"}