{"mus": [44.4565237638393], "sigmas": [1.36902450464343], "scores": [40.349450249909], "ranks": [32], "wins": 73, "losses": 74, "strat": "Unknown"}