{"mus": [47.4002868503988, 47.2746208771962, 47.2746208771962], "sigmas": [0.904027728342978, 0.895639781321297, 0.895639781321297], "scores": [44.6882036653699, 44.5877015332323, 44.5877015332323], "ranks": [19, 21, 21], "wins": 236, "losses": 208, "strat": "Unknown"}