{"mus": [47.4002868503988], "sigmas": [0.904027728342978], "scores": [44.6882036653699], "ranks": [19], "wins": 235, "losses": 205, "strat": "Unknown"}