{"mus": [10.3490591756731], "sigmas": [0.789539195801148], "scores": [7.98044158826966], "ranks": [174], "wins": 254, "losses": 264, "strat": "Unknown"}