{"mus": [10.3490591756731, 10.337404079884, 10.337404079884, 10.337404079884], "sigmas": [0.789539195801148, 0.788257752542003, 0.788257752542003, 0.788257752542003], "scores": [7.98044158826966, 7.97263082225797, 7.97263082225797, 7.97263082225797], "ranks": [174, 175, 175, 175], "wins": 256, "losses": 266, "strat": "Unknown"}