{"mus": [37.246739303621, 37.2171813700448, 37.2171813700448], "sigmas": [0.792493670021411, 0.791634456875738, 0.791634456875738], "scores": [34.8692582935568, 34.8422779994176, 34.8422779994176], "ranks": [55, 58, 57], "wins": 242, "losses": 216, "strat": "Unknown"}