{"mus": [37.246739303621], "sigmas": [0.792493670021411], "scores": [34.8692582935568], "ranks": [55], "wins": 240, "losses": 214, "strat": "Unknown"}