{"mus": [11.8662938845737], "sigmas": [0.839352919062462], "scores": [9.34823512738629], "ranks": [170], "wins": 55, "losses": 75, "strat": "Unknown"}