{"mus": [11.8662938845737, 12.0728422396557], "sigmas": [0.839352919062462, 0.834288725638188], "scores": [9.34823512738629, 9.56997606274111], "ranks": [170, 171], "wins": 58, "losses": 76, "strat": "Unknown"}