{"mus": [29.2115959769184], "sigmas": [0.839567052003408], "scores": [26.6928948209082], "ranks": [93], "wins": 63, "losses": 75, "strat": "Unknown"}