{"mus": [29.2115959769184, 29.0369952993197, 29.0369952993197, 29.0369952993197], "sigmas": [0.839567052003408, 0.835643430222083, 0.835643430222083, 0.835643430222083], "scores": [26.6928948209082, 26.5300650086534, 26.5300650086534, 26.5300650086534], "ranks": [93, 96, 95, 95], "wins": 64, "losses": 78, "strat": "Unknown"}