{"mus": [16.5078347625974], "sigmas": [0.839184017501447], "scores": [13.9902827100931], "ranks": [160], "wins": 99, "losses": 111, "strat": "Unknown"}