{"mus": [16.5078347625974, 16.6838967817781], "sigmas": [0.839184017501447, 0.83427003239581], "scores": [13.9902827100931, 14.1810866845907], "ranks": [160, 159], "wins": 102, "losses": 112, "strat": "Unknown"}