{"mus": [40.5151682665033], "sigmas": [1.22290033629877], "scores": [36.846467257607], "ranks": [47], "wins": 195, "losses": 225, "strat": "Unknown"}