{"mus": [40.5151682665033, 40.884963395275, 40.884963395275, 40.884963395275], "sigmas": [1.22290033629877, 1.17379506865537, 1.17379506865537, 1.17379506865537], "scores": [36.846467257607, 37.3635781893089, 37.3635781893089, 37.3635781893089], "ranks": [47, 46, 45, 44], "wins": 198, "losses": 226, "strat": "Unknown"}