{"mus": [50.6547332529694, 53.8985285623624], "sigmas": [2.81710122972151, 2.29067638895436], "scores": [42.2034295638048, 47.0264993954993], "ranks": [27, 15], "wins": 182, "losses": 158, "strat": "Unknown"}