{"mus": [50.6547332529694], "sigmas": [2.81710122972151], "scores": [42.2034295638048], "ranks": [27], "wins": 178, "losses": 158, "strat": "Unknown"}