{"mus": [35.6836864369534, 35.6608498126519, 35.6608498126519, 35.6608498126519], "sigmas": [1.03749110635982, 1.01127548933719, 1.01127548933719, 1.01127548933719], "scores": [32.571213117874, 32.6270233446404, 32.6270233446404, 32.6270233446404], "ranks": [64, 68, 67, 66], "wins": 218, "losses": 232, "strat": "Unknown"}