{"mus": [35.6836864369534], "sigmas": [1.03749110635982], "scores": [32.571213117874], "ranks": [64], "wins": 216, "losses": 230, "strat": "Unknown"}