{"mus": [18.0064780274611], "sigmas": [0.835871350731415], "scores": [15.4988639752669], "ranks": [152], "wins": 60, "losses": 71, "strat": "Unknown"}