{"mus": [18.0064780274611, 17.8227692970169], "sigmas": [0.835871350731415, 0.831045512011444], "scores": [15.4988639752669, 15.3296327609825], "ranks": [152, 153], "wins": 61, "losses": 74, "strat": "Unknown"}