{"mus": [30.5085908003204], "sigmas": [0.835599723425131], "scores": [28.001791630045], "ranks": [86], "wins": 78, "losses": 62, "strat": "Unknown"}