{"mus": [30.5085908003204, 30.5961609769378], "sigmas": [0.835599723425131, 0.832055321354108], "scores": [28.001791630045, 28.0999950128755], "ranks": [86, 87], "wins": 80, "losses": 63, "strat": "Unknown"}