{"mus": [24.6557265941407], "sigmas": [0.792566440480198], "scores": [22.2780272727001], "ranks": [120], "wins": 156, "losses": 161, "strat": "Unknown"}