{"mus": [24.6557265941407, 24.8177009445381], "sigmas": [0.792566440480198, 0.791667655984468], "scores": [22.2780272727001, 22.4426979765847], "ranks": [120, 120], "wins": 159, "losses": 162, "strat": "Unknown"}