{"mus": [21.54899088109], "sigmas": [0.786249033131115], "scores": [19.1902437816967], "ranks": [132], "wins": 187, "losses": 171, "strat": "Unknown"}