{"mus": [21.54899088109, 21.3717847752574, 21.3717847752574], "sigmas": [0.786249033131115, 0.785518137996775, 0.785518137996775], "scores": [19.1902437816967, 19.015230361267, 19.015230361267], "ranks": [132, 135, 135], "wins": 188, "losses": 174, "strat": "Unknown"}