{"mus": [32.2524564379431], "sigmas": [0.79092270826338], "scores": [29.8796883131529], "ranks": [80], "wins": 211, "losses": 246, "strat": "Unknown"}