{"mus": [32.2524564379431, 32.2044393267953, 32.2044393267953, 32.2044393267953], "sigmas": [0.79092270826338, 0.79182506143494, 0.79182506143494, 0.79182506143494], "scores": [29.8796883131529, 29.8289641424904, 29.8289641424904, 29.8289641424904], "ranks": [80, 80, 79, 78], "wins": 213, "losses": 248, "strat": "Unknown"}