{"mus": [31.0837825827081], "sigmas": [2.18805147572933], "scores": [24.5196281555201], "ranks": [103], "wins": 207, "losses": 220, "strat": "Unknown"}