{"mus": [31.0837825827081, 31.0379085111868, 31.0379085111868, 31.0379085111868], "sigmas": [2.18805147572933, 1.89340346041136, 1.89340346041136, 1.89340346041136], "scores": [24.5196281555201, 25.3576981299527, 25.3576981299527, 25.3576981299527], "ranks": [103, 102, 101, 101], "wins": 209, "losses": 222, "strat": "Unknown"}