{"mus": [25.4593149283403], "sigmas": [0.8229966117608], "scores": [22.9903250930579], "ranks": [114], "wins": 72, "losses": 72, "strat": "Unknown"}