{"mus": [25.4593149283403, 25.4452680081608, 25.4452680081608], "sigmas": [0.8229966117608, 0.818976805827875, 0.818976805827875], "scores": [22.9903250930579, 22.9883375906772, 22.9883375906772], "ranks": [114, 118, 117], "wins": 74, "losses": 74, "strat": "Unknown"}