{"mus": [34.9459607294512, 35.1623835733197], "sigmas": [0.873415172595535, 0.864733139028632], "scores": [32.3257152116646, 32.5681841562338], "ranks": [68, 70], "wins": 54, "losses": 61, "strat": "Unknown"}