{"mus": [34.9459607294512], "sigmas": [0.873415172595535], "scores": [32.3257152116646], "ranks": [68], "wins": 51, "losses": 60, "strat": "Unknown"}