{"mus": [45.7994979363377, 46.1486593841518, 46.1486593841518], "sigmas": [0.891661786080874, 0.879178409716881, 0.879178409716881], "scores": [43.1245125780951, 43.5111241550011, 43.5111241550011], "ranks": [23, 25, 25], "wins": 138, "losses": 83, "strat": "Unknown"}