{"mus": [45.7994979363377], "sigmas": [0.891661786080874], "scores": [43.1245125780951], "ranks": [23], "wins": 134, "losses": 82, "strat": "Unknown"}