{"mus": [40.6209758346935], "sigmas": [0.892167659286749], "scores": [37.9444728568333], "ranks": [41], "wins": 217, "losses": 209, "strat": "Unknown"}