{"mus": [40.6209758346935, 40.7958579138628, 40.7958579138628, 40.7958579138628], "sigmas": [0.892167659286749, 0.878446965267349, 0.878446965267349, 0.878446965267349], "scores": [37.9444728568333, 38.1605170180608, 38.1605170180608, 38.1605170180608], "ranks": [41, 44, 43, 42], "wins": 220, "losses": 211, "strat": "Unknown"}