{"mus": [24.2578710022349], "sigmas": [0.842161649216755], "scores": [21.7313860545847], "ranks": [121], "wins": 73, "losses": 51, "strat": "Unknown"}