{"mus": [24.2578710022349, 24.4712256152283], "sigmas": [0.842161649216755, 0.836711937442411], "scores": [21.7313860545847, 21.961089802901], "ranks": [121, 123], "wins": 76, "losses": 52, "strat": "Unknown"}