{"mus": [33.4923382526952, 33.3246099357265, 33.3246099357265, 33.3246099357265], "sigmas": [0.791839722765375, 0.790827823868235, 0.790827823868235, 0.790827823868235], "scores": [31.116819084399, 30.9521264641218, 30.9521264641218, 30.9521264641218], "ranks": [75, 78, 77, 76], "wins": 225, "losses": 224, "strat": "Unknown"}