{"mus": [33.4923382526952], "sigmas": [0.791839722765375], "scores": [31.116819084399], "ranks": [75], "wins": 224, "losses": 221, "strat": "Unknown"}