{"mus": [36.75936589586, 36.7688505120789, 36.7688505120789, 36.7688505120789], "sigmas": [0.863343896279366, 0.855495955602312, 0.855495955602312, 0.855495955602312], "scores": [34.1693342070219, 34.202362645272, 34.202362645272, 34.202362645272], "ranks": [57, 60, 59, 58], "wins": 175, "losses": 241, "strat": "Unknown"}