{"mus": [36.75936589586], "sigmas": [0.863343896279366], "scores": [34.1693342070219], "ranks": [57], "wins": 173, "losses": 239, "strat": "Unknown"}