{"mus": [46.225789561964, 46.0271979777454], "sigmas": [1.15686073090915, 1.10551360251084], "scores": [42.7552073692365, 42.7106571702129], "ranks": [25, 26], "wins": 194, "losses": 199, "strat": "Unknown"}