{"mus": [46.225789561964], "sigmas": [1.15686073090915], "scores": [42.7552073692365], "ranks": [25], "wins": 192, "losses": 196, "strat": "Unknown"}