{"mus": [16.4177473197165, 16.2207685890554], "sigmas": [0.792795734346117, 0.791525764741584], "scores": [14.0393601166781, 13.8461912948307], "ranks": [159, 161], "wins": 102, "losses": 118, "strat": "Unknown"}