{"mus": [16.4177473197165], "sigmas": [0.792795734346117], "scores": [14.0393601166781], "ranks": [159], "wins": 101, "losses": 115, "strat": "Unknown"}