{"mus": [30.5937247977595], "sigmas": [1.44126394401572], "scores": [26.2699329657123], "ranks": [97], "wins": 57, "losses": 69, "strat": "Unknown"}