{"mus": [30.5937247977595, 29.4895191217321, 29.4895191217321], "sigmas": [1.44126394401572, 1.35253648671243, 1.35253648671243], "scores": [26.2699329657123, 25.4319096615948, 25.4319096615948], "ranks": [97, 101, 100], "wins": 57, "losses": 73, "strat": "Unknown"}