{"mus": [44.98777293699, 44.946983551761, 44.946983551761, 44.946983551761], "sigmas": [1.32053007506577, 1.25615837124063, 1.25615837124063, 1.25615837124063], "scores": [41.0261827117927, 41.1785084380392, 41.1785084380392, 41.1785084380392], "ranks": [30, 33, 32, 31], "wins": 82, "losses": 67, "strat": "Unknown"}