{"mus": [44.98777293699], "sigmas": [1.32053007506577], "scores": [41.0261827117927], "ranks": [30], "wins": 80, "losses": 65, "strat": "Unknown"}