{"mus": [24.9391872961455], "sigmas": [0.790647583184165], "scores": [22.567244546593], "ranks": [118], "wins": 245, "losses": 229, "strat": "Unknown"}