{"mus": [24.9391872961455, 25.0905333639215, 25.0905333639215], "sigmas": [0.790647583184165, 0.790245736713583, 0.790245736713583], "scores": [22.567244546593, 22.7197961537807, 22.7197961537807], "ranks": [118, 119, 118], "wins": 248, "losses": 230, "strat": "Unknown"}