{"mus": [45.6686033764564, 46.2745172153609], "sigmas": [0.905075165368529, 0.890853637647512], "scores": [42.9533778803508, 43.6019563024183], "ranks": [24, 24], "wins": 249, "losses": 216, "strat": "Unknown"}