{"mus": [45.6686033764564], "sigmas": [0.905075165368529], "scores": [42.9533778803508], "ranks": [24], "wins": 244, "losses": 216, "strat": "Unknown"}