{"mus": [52.6091068660839, 53.0225665035592, 53.0225665035592, 53.0225665035592], "sigmas": [1.55793432271274, 1.46006271623319, 1.46006271623319, 1.46006271623319], "scores": [47.9353038979457, 48.6423783548597, 48.6423783548597, 48.6423783548597], "ranks": [13, 11, 11, 11], "wins": 257, "losses": 183, "strat": "Unknown"}