{"mus": [52.6091068660839], "sigmas": [1.55793432271274], "scores": [47.9353038979457], "ranks": [13], "wins": 254, "losses": 182, "strat": "Unknown"}