{"mus": [35.1283738225365], "sigmas": [0.859246891694439], "scores": [32.5506331474532], "ranks": [66], "wins": 82, "losses": 86, "strat": "Unknown"}