{"mus": [35.1283738225365, 34.6896543477112, 34.6896543477112], "sigmas": [0.859246891694439, 0.851999270852499, 0.851999270852499], "scores": [32.5506331474532, 32.1336565351537, 32.1336565351537], "ranks": [66, 72, 71], "wins": 82, "losses": 90, "strat": "Unknown"}