{"mus": [-6.04574054088636], "sigmas": [1.26131079255277], "scores": [-9.82967291854466], "ranks": [497], "wins": 0, "losses": 217, "strat": "Unknown"}