{"mus": [-6.04574054088636, -6.0891367931826, -6.0891367931826, -6.0891367931826], "sigmas": [1.26131079255277, 1.26261743280927, 1.26261743280927, 1.26261743280927], "scores": [-9.82967291854466, -9.87698909161041, -9.87698909161041, -9.87698909161041], "ranks": [497, 497, 497, 497], "wins": 0, "losses": 221, "strat": "Unknown"}