{"mus": [42.1190004970637], "sigmas": [0.804699333205952], "scores": [39.7049024974459], "ranks": [37], "wins": 149, "losses": 143, "strat": "Unknown"}