{"mus": [42.1190004970637, 41.9632224429716], "sigmas": [0.804699333205952, 0.801586565505981], "scores": [39.7049024974459, 39.5584627464536], "ranks": [37, 39], "wins": 151, "losses": 146, "strat": "Unknown"}