{"mus": [32.0866274403987], "sigmas": [0.805972433639924], "scores": [29.6687101394789], "ranks": [81], "wins": 236, "losses": 228, "strat": "Unknown"}