{"mus": [32.0866274403987, 32.0614462435591, 32.0614462435591], "sigmas": [0.805972433639924, 0.803907557987808, 0.803907557987808], "scores": [29.6687101394789, 29.6497235695956, 29.6497235695956], "ranks": [81, 81, 80], "wins": 238, "losses": 230, "strat": "Unknown"}