{"mus": [36.2021140107914], "sigmas": [0.85910621570452], "scores": [33.6247953636778], "ranks": [58], "wins": 244, "losses": 231, "strat": "Unknown"}