{"mus": [36.2021140107914, 36.2386982431712, 36.2386982431712], "sigmas": [0.85910621570452, 0.852131371609394, 0.852131371609394], "scores": [33.6247953636778, 33.682304128343, 33.682304128343], "ranks": [58, 62, 61], "wins": 246, "losses": 234, "strat": "Unknown"}