{"mus": [25.299397831365], "sigmas": [0.797622191108159], "scores": [22.9065312580405], "ranks": [115], "wins": 157, "losses": 171, "strat": "Unknown"}