{"mus": [25.299397831365, 25.4815449582082, 25.4815449582082], "sigmas": [0.797622191108159, 0.79620787741047, 0.79620787741047], "scores": [22.9065312580405, 23.0929213259768, 23.0929213259768], "ranks": [115, 116, 115], "wins": 160, "losses": 172, "strat": "Unknown"}