{"mus": [44.1398227449016, 44.094300835028, 44.094300835028, 44.094300835028], "sigmas": [0.890299782600034, 0.880630176909669, 0.880630176909669, 0.880630176909669], "scores": [41.4689233971015, 41.452410304299, 41.452410304299, 41.452410304299], "ranks": [29, 30, 29, 29], "wins": 199, "losses": 249, "strat": "Unknown"}