{"mus": [44.1398227449016], "sigmas": [0.890299782600034], "scores": [41.4689233971015], "ranks": [29], "wins": 197, "losses": 247, "strat": "Unknown"}