{"mus": [44.8335325078885], "sigmas": [1.69032369238527], "scores": [39.7625614307327], "ranks": [36], "wins": 284, "losses": 231, "strat": "Unknown"}