{"mus": [38.9880931757113, 39.2328673760236], "sigmas": [0.867189466254146, 0.859681042804782], "scores": [36.3865247769488, 36.6538242476092], "ranks": [49, 49], "wins": 70, "losses": 50, "strat": "Unknown"}