{"mus": [44.8335325078885, 46.2204695863934, 46.2204695863934, 46.2204695863934], "sigmas": [1.69032369238527, 1.55355162891736, 1.55355162891736, 1.55355162891736], "scores": [39.7625614307327, 41.5598146996414, 41.5598146996414, 41.5598146996414], "ranks": [36, 28, 28, 28], "wins": 288, "losses": 231, "strat": "Unknown"}