{"mus": [38.9880931757113], "sigmas": [0.867189466254146], "scores": [36.3865247769488], "ranks": [49], "wins": 67, "losses": 49, "strat": "Unknown"}