{"mus": [42.1949748877391, 42.0064449102503], "sigmas": [0.900513333384738, 0.886497510851552], "scores": [39.4934348875848, 39.3469523776956], "ranks": [38, 41], "wins": 59, "losses": 49, "strat": "Unknown"}