{"mus": [42.1949748877391], "sigmas": [0.900513333384738], "scores": [39.4934348875848], "ranks": [38], "wins": 57, "losses": 46, "strat": "Unknown"}