{"mus": [27.8194775968969, 28.0288860211334], "sigmas": [0.949899065447944, 0.934221887125908], "scores": [24.9697804005531, 25.2262203597557], "ranks": [101, 103], "wins": 155, "losses": 161, "strat": "Unknown"}