{"mus": [27.8194775968969], "sigmas": [0.949899065447944], "scores": [24.9697804005531], "ranks": [101], "wins": 152, "losses": 160, "strat": "Unknown"}