{"mus": [49.5312583665599, 49.1673997284776, 49.1673997284776], "sigmas": [1.65634214916565, 1.53543550693716, 1.53543550693716], "scores": [44.5622319190629, 44.5610932076661, 44.5610932076661], "ranks": [20, 22, 22], "wins": 274, "losses": 207, "strat": "Unknown"}