{"mus": [49.5312583665599], "sigmas": [1.65634214916565], "scores": [44.5622319190629], "ranks": [20], "wins": 273, "losses": 204, "strat": "Unknown"}