{"mus": [29.3037626688052, 33.9624816062732, 33.9624816062732], "sigmas": [3.8730966156827, 2.83175751510534, 2.83175751510534], "scores": [17.6844728217571, 25.4672090609572, 25.4672090609572], "ranks": [140, 100, 99], "wins": 10, "losses": 6, "strat": "Unknown"}