{"mus": [29.3037626688052], "sigmas": [3.8730966156827], "scores": [17.6844728217571], "ranks": [140], "wins": 6, "losses": 6, "strat": "Unknown"}