{"mus": [41.1149788354929], "sigmas": [1.40949742263533], "scores": [36.8864865675869], "ranks": [46], "wins": 59, "losses": 66, "strat": "Unknown"}