{"mus": [41.1149788354929, 40.3963342850852, 40.3963342850852], "sigmas": [1.40949742263533, 1.30698042166249, 1.30698042166249], "scores": [36.8864865675869, 36.4753930200977, 36.4753930200977], "ranks": [46, 51, 50], "wins": 60, "losses": 70, "strat": "Unknown"}