{"mus": [44.2696322069687], "sigmas": [1.64688276200049], "scores": [39.3289839209672], "ranks": [39], "wins": 253, "losses": 213, "strat": "Unknown"}