{"mus": [44.2696322069687, 45.0137692527453, 45.0137692527453, 45.0137692527453], "sigmas": [1.64688276200049, 1.51727402243202, 1.51727402243202, 1.51727402243202], "scores": [39.3289839209672, 40.4619471854492, 40.4619471854492, 40.4619471854492], "ranks": [39, 34, 33, 32], "wins": 257, "losses": 214, "strat": "Unknown"}