{"mus": [37.5202779858532], "sigmas": [0.858831907263725], "scores": [34.943782264062], "ranks": [54], "wins": 62, "losses": 58, "strat": "Unknown"}