{"mus": [37.5202779858532, 37.6816066792983, 37.6816066792983, 37.6816066792983], "sigmas": [0.858831907263725, 0.852278433871469, 0.852278433871469, 0.852278433871469], "scores": [34.943782264062, 35.1247713776839, 35.1247713776839, 35.1247713776839], "ranks": [54, 57, 56, 55], "wins": 65, "losses": 59, "strat": "Unknown"}