{"mus": [25.0, 25.0], "sigmas": [8.333, 8.333], "scores": [0.000999999999997669, 0.000999999999997669], "ranks": [318, 319], "wins": 0, "losses": 0, "strat": "Unknown"}