{"mus": [22.3571034890298], "sigmas": [0.815728173390327], "scores": [19.9099189688588], "ranks": [128], "wins": 71, "losses": 83, "strat": "Unknown"}