{"mus": [22.3571034890298, 22.3966301954909], "sigmas": [0.815728173390327, 0.815592766005426], "scores": [19.9099189688588, 19.9498518974747], "ranks": [128, 130], "wins": 73, "losses": 85, "strat": "Unknown"}