{"mus": [49.3531294861098, 48.8349311715759, 48.8349311715759], "sigmas": [0.945313457197677, 0.931445843276347, 0.931445843276347], "scores": [46.5171891145168, 46.0405936417469, 46.0405936417469], "ranks": [16, 19, 19], "wins": 92, "losses": 76, "strat": "Unknown"}