{"mus": [49.3531294861098], "sigmas": [0.945313457197677], "scores": [46.5171891145168], "ranks": [16], "wins": 91, "losses": 72, "strat": "Unknown"}