{"mus": [54.9664794494886, 56.4400540226309, 56.4400540226309, 56.4400540226309], "sigmas": [3.86844863202299, 2.79098558711128, 2.79098558711128, 2.79098558711128], "scores": [43.3611335534196, 48.0670972612971, 48.0670972612971, 48.0670972612971], "ranks": [22, 13, 13, 13], "wins": 245, "losses": 257, "strat": "Unknown"}