{"mus": [54.9664794494886], "sigmas": [3.86844863202299], "scores": [43.3611335534196], "ranks": [22], "wins": 241, "losses": 256, "strat": "Unknown"}