{"mus": [50.4315876283905, 50.0601892698751], "sigmas": [0.842860628068605, 0.839400090849065], "scores": [47.9030057441847, 47.5419889973279], "ranks": [14, 14], "wins": 202, "losses": 229, "strat": "Unknown"}