{"mus": [50.4315876283905], "sigmas": [0.842860628068605], "scores": [47.9030057441847], "ranks": [14], "wins": 202, "losses": 225, "strat": "Unknown"}