{"mus": [18.1885467708939, 18.3859160274214, 18.3859160274214], "sigmas": [0.835513454614857, 0.830382085749658, 0.830382085749658], "scores": [15.6820064070493, 15.8947697701724, 15.8947697701724], "ranks": [151, 149, 149], "wins": 64, "losses": 72, "strat": "Unknown"}