{"mus": [18.1885467708939], "sigmas": [0.835513454614857], "scores": [15.6820064070493], "ranks": [151], "wins": 61, "losses": 71, "strat": "Unknown"}