{"mus": [43.4805824657679], "sigmas": [1.22531733696033], "scores": [39.8046304548869], "ranks": [35], "wins": 208, "losses": 236, "strat": "Unknown"}