{"mus": [43.4805824657679, 43.8764530675351], "sigmas": [1.22531733696033, 1.17361336454686], "scores": [39.8046304548869, 40.3556129738945], "ranks": [35, 36], "wins": 211, "losses": 237, "strat": "Unknown"}