{"mus": [24.9972962293763, 24.8296892252483], "sigmas": [0.798990052322714, 0.797636758821233], "scores": [22.6003260724081, 22.4367789487846], "ranks": [117, 121], "wins": 170, "losses": 183, "strat": "Unknown"}