{"mus": [24.9972962293763], "sigmas": [0.798990052322714], "scores": [22.6003260724081], "ranks": [117], "wins": 169, "losses": 180, "strat": "Unknown"}