{"mus": [28.8042327480773], "sigmas": [0.820590388630545], "scores": [26.3424615821857], "ranks": [96], "wins": 189, "losses": 169, "strat": "Unknown"}