{"mus": [28.8042327480773, 28.5989099096468, 28.5989099096468, 28.5989099096468], "sigmas": [0.820590388630545, 0.817031423813955, 0.817031423813955, 0.817031423813955], "scores": [26.3424615821857, 26.147815638205, 26.147815638205, 26.147815638205], "ranks": [96, 97, 96, 96], "wins": 190, "losses": 172, "strat": "Unknown"}