{"mus": [33.8907223266415, 34.3030603674442, 34.3030603674442], "sigmas": [0.861101276520554, 0.854160373857005, 0.854160373857005], "scores": [31.3074184970798, 31.7405792458731, 31.7405792458731], "ranks": [74, 75, 74], "wins": 58, "losses": 61, "strat": "Unknown"}