{"mus": [33.8907223266415], "sigmas": [0.861101276520554], "scores": [31.3074184970798], "ranks": [74], "wins": 54, "losses": 61, "strat": "Unknown"}