{"mus": [47.3326717106653], "sigmas": [0.952712545693159], "scores": [44.4745340735858], "ranks": [21], "wins": 220, "losses": 172, "strat": "Unknown"}