{"mus": [47.3326717106653, 46.8186342385732, 46.8186342385732], "sigmas": [0.952712545693159, 0.931780314332704, 0.931780314332704], "scores": [44.4745340735858, 44.0232932955751, 44.0232932955751], "ranks": [21, 23, 23], "wins": 221, "losses": 176, "strat": "Unknown"}