{"mus": [62.0822889451714, 64.0948642426406, 64.0948642426406], "sigmas": [1.54645631760434, 1.41731082386604, 1.41731082386604], "scores": [57.4429199923584, 59.8429317710424, 59.8429317710424], "ranks": [5, 4, 4], "wins": 215, "losses": 188, "strat": "Unknown"}