{"mus": [62.0822889451714], "sigmas": [1.54645631760434], "scores": [57.4429199923584], "ranks": [5], "wins": 211, "losses": 188, "strat": "Unknown"}