{"mus": [26.8941977843023], "sigmas": [0.828106464491104], "scores": [24.4098783908289], "ranks": [106], "wins": 78, "losses": 66, "strat": "Unknown"}