{"mus": [26.8941977843023, 26.7227220882018, 26.7227220882018, 26.7227220882018], "sigmas": [0.828106464491104, 0.824058614076211, 0.824058614076211, 0.824058614076211], "scores": [24.4098783908289, 24.2505462459732, 24.2505462459732, 24.2505462459732], "ranks": [106, 108, 107, 107], "wins": 79, "losses": 69, "strat": "Unknown"}