{"mus": [31.6232899622696, 31.6252635828091], "sigmas": [0.827949236626988, 0.825698659480241], "scores": [29.1394422523886, 29.1481676043684], "ranks": [83, 84], "wins": 245, "losses": 238, "strat": "Unknown"}