{"mus": [31.6232899622696], "sigmas": [0.827949236626988], "scores": [29.1394422523886], "ranks": [83], "wins": 243, "losses": 236, "strat": "Unknown"}