{"mus": [55.8118029060698], "sigmas": [1.00761792084949], "scores": [52.7889491435213], "ranks": [8], "wins": 122, "losses": 104, "strat": "Unknown"}