{"mus": [55.8118029060698, 55.4653928130673], "sigmas": [1.00761792084949, 0.999877543416601], "scores": [52.7889491435213, 52.4657601828175], "ranks": [8, 7], "wins": 122, "losses": 108, "strat": "Unknown"}