{"mus": [18.7555564086032], "sigmas": [0.838018268877279], "scores": [16.2415016019714], "ranks": [149], "wins": 61, "losses": 65, "strat": "Unknown"}