{"mus": [18.7555564086032, 18.3845140916776], "sigmas": [0.838018268877279, 0.833976954376794], "scores": [16.2415016019714, 15.8825832285472], "ranks": [149, 150], "wins": 61, "losses": 69, "strat": "Unknown"}