{"mus": [33.0472268837657, 32.8838412615901], "sigmas": [0.834662957379418, 0.830385498687789], "scores": [30.5432380116274, 30.3926847655267], "ranks": [78, 79], "wins": 218, "losses": 243, "strat": "Unknown"}