{"mus": [33.0472268837657], "sigmas": [0.834662957379418], "scores": [30.5432380116274], "ranks": [78], "wins": 217, "losses": 240, "strat": "Unknown"}