{"mus": [16.6522860203858, 16.4892235748657, 16.4892235748657], "sigmas": [0.836345885834362, 0.831592165410932, 0.831592165410932], "scores": [14.1432483628827, 13.9944470786329, 13.9944470786329], "ranks": [157, 160, 160], "wins": 78, "losses": 61, "strat": "Unknown"}