{"mus": [16.6522860203858], "sigmas": [0.836345885834362], "scores": [14.1432483628827], "ranks": [157], "wins": 77, "losses": 58, "strat": "Unknown"}