{"mus": [67.164121274257, 66.5050446412513, 66.5050446412513, 66.5050446412513], "sigmas": [0.994353521356982, 0.972195945076696, 0.972195945076696, 0.972195945076696], "scores": [64.1810607101861, 63.5884568060212, 63.5884568060212, 63.5884568060212], "ranks": [2, 3, 3, 3], "wins": 257, "losses": 262, "strat": "Unknown"}