{"mus": [67.164121274257], "sigmas": [0.994353521356982], "scores": [64.1810607101861], "ranks": [2], "wins": 256, "losses": 258, "strat": "Unknown"}