{"mus": [31.2058074455821], "sigmas": [1.20891647320121], "scores": [27.5790580259785], "ranks": [90], "wins": 68, "losses": 58, "strat": "Unknown"}