{"mus": [31.2058074455821, 31.5626970473988], "sigmas": [1.20891647320121, 1.16148559521566], "scores": [27.5790580259785, 28.0782402617518], "ranks": [90, 88], "wins": 71, "losses": 59, "strat": "Unknown"}