{"mus": [28.2601887721475], "sigmas": [0.836282861226094], "scores": [25.7513401884692], "ranks": [98], "wins": 74, "losses": 71, "strat": "Unknown"}