{"mus": [28.2601887721475, 28.2817670949128, 28.2817670949128], "sigmas": [0.836282861226094, 0.831048593096549, 0.831048593096549], "scores": [25.7513401884692, 25.7886213156231, 25.7886213156231], "ranks": [98, 99, 98], "wins": 76, "losses": 73, "strat": "Unknown"}