{"mus": [45.7960158649924], "sigmas": [1.73534628329959], "scores": [40.5899770150936], "ranks": [31], "wins": 229, "losses": 206, "strat": "Unknown"}