{"mus": [45.7960158649924, 46.1903954247462, 46.1903954247462], "sigmas": [1.73534628329959, 1.54458442492463, 8.333], "scores": [40.5899770150936, 41.5566421499723, 21.1913954247462], "ranks": [31, 29, 125], "wins": 232, "losses": 208, "strat": "Unknown"}