{"mus": [10.5441375396987, 10.7042749321958, 10.7042749321958, 10.7042749321958], "sigmas": [0.788852398064463, 0.788286476947582, 0.788286476947582, 0.788286476947582], "scores": [8.1775803455053, 8.33941550135303, 8.33941550135303, 8.33941550135303], "ranks": [172, 173, 173, 173], "wins": 132, "losses": 137, "strat": "Unknown"}