{"mus": [10.5441375396987], "sigmas": [0.788852398064463], "scores": [8.1775803455053], "ranks": [172], "wins": 129, "losses": 136, "strat": "Unknown"}