{"mus": [14.6472261830005], "sigmas": [0.827327388819304], "scores": [12.1652440165426], "ranks": [164], "wins": 48, "losses": 90, "strat": "Unknown"}