{"mus": [14.6472261830005, 14.19819103348], "sigmas": [0.827327388819304, 0.822167762209201], "scores": [12.1652440165426, 11.7316877468524], "ranks": [164, 166], "wins": 48, "losses": 94, "strat": "Unknown"}