{"mus": [22.4147303470479], "sigmas": [1.5820833280008], "scores": [17.6684803630455], "ranks": [141], "wins": 115, "losses": 123, "strat": "Unknown"}