{"mus": [22.4147303470479, 22.5512517382218, 22.5512517382218], "sigmas": [1.5820833280008, 1.46242380805167, 1.46242380805167], "scores": [17.6684803630455, 18.1639803140667, 18.1639803140667], "ranks": [141, 142, 142], "wins": 117, "losses": 125, "strat": "Unknown"}