{"mus": [9.58840338226265], "sigmas": [0.838418568527943], "scores": [7.07314767667882], "ranks": [177], "wins": 43, "losses": 84, "strat": "Unknown"}