{"mus": [9.58840338226265, 9.42589175492099, 9.42589175492099], "sigmas": [0.838418568527943, 0.833444798084813, 0.833444798084813], "scores": [7.07314767667882, 6.92555736066655, 6.92555736066655], "ranks": [177, 178, 178], "wins": 44, "losses": 87, "strat": "Unknown"}