{"mus": [6.41924657152536], "sigmas": [0.833890534674263], "scores": [3.91757496750257], "ranks": [181], "wins": 159, "losses": 275, "strat": "Unknown"}