{"mus": [6.41924657152536, 6.19058062769287], "sigmas": [0.833890534674263, 0.835013965581589], "scores": [3.91757496750257, 3.6855387309481], "ranks": [181, 182], "wins": 160, "losses": 278, "strat": "Unknown"}