{"mus": [51.1617158426244, 51.1765735618068], "sigmas": [0.895603150422946, 0.887967289712766], "scores": [48.4749063913555, 48.5126716926685], "ranks": [12, 12], "wins": 115, "losses": 107, "strat": "Unknown"}