{"mus": [51.1617158426244], "sigmas": [0.895603150422946], "scores": [48.4749063913555], "ranks": [12], "wins": 113, "losses": 105, "strat": "Unknown"}