{"mus": [19.3757302565784], "sigmas": [0.835506107733994], "scores": [16.8692119333764], "ranks": [146], "wins": 103, "losses": 117, "strat": "Unknown"}