{"mus": [19.3757302565784, 19.1763397512039], "sigmas": [0.835506107733994, 0.831227465051684], "scores": [16.8692119333764, 16.6826573560489], "ranks": [146, 147], "wins": 104, "losses": 120, "strat": "Unknown"}