{"mus": [17.8404908761379, 17.8143366744899, 17.8143366744899], "sigmas": [0.81533065156096, 0.812169324637209, 0.812169324637209], "scores": [15.3944989214551, 15.3778287005783, 15.3778287005783], "ranks": [153, 152, 152], "wins": 83, "losses": 74, "strat": "Unknown"}