{"mus": [17.8404908761379], "sigmas": [0.81533065156096], "scores": [15.3944989214551], "ranks": [153], "wins": 81, "losses": 72, "strat": "Unknown"}