{"mus": [19.1908474380414], "sigmas": [0.844652189932471], "scores": [16.656890868244], "ranks": [147], "wins": 197, "losses": 262, "strat": "Unknown"}