{"mus": [19.1908474380414, 19.4041202942905, 19.4041202942905, 19.4041202942905], "sigmas": [0.844652189932471, 0.839261285946016, 0.839261285946016, 0.839261285946016], "scores": [16.656890868244, 16.8863364364524, 16.8863364364524, 16.8863364364524], "ranks": [147, 146, 146, 146], "wins": 200, "losses": 263, "strat": "Unknown"}