{"mus": [35.200938792142, 35.5102059847014, 35.5102059847014, 35.5102059847014], "sigmas": [0.98747736394848, 0.966808317505729, 0.966808317505729, 0.966808317505729], "scores": [32.2385067002966, 32.6097810321842, 32.6097810321842, 32.6097810321842], "ranks": [69, 69, 68, 67], "wins": 90, "losses": 97, "strat": "Unknown"}