{"mus": [35.200938792142], "sigmas": [0.98747736394848], "scores": [32.2385067002966], "ranks": [69], "wins": 87, "losses": 96, "strat": "Unknown"}