{"mus": [34.4047114227261, 34.4349037201104, 34.4349037201104], "sigmas": [0.841489600845201, 0.83613868133346, 0.83613868133346], "scores": [31.8802426201905, 31.9264876761101, 31.9264876761101], "ranks": [70, 73, 72], "wins": 236, "losses": 229, "strat": "Unknown"}