{"mus": [34.4047114227261], "sigmas": [0.841489600845201], "scores": [31.8802426201905], "ranks": [70], "wins": 234, "losses": 227, "strat": "Unknown"}