{"mus": [10.3256355222363], "sigmas": [0.792160150010426], "scores": [7.94915507220501], "ranks": [175], "wins": 183, "losses": 300, "strat": "Unknown"}