{"mus": [10.3256355222363, 10.1372716793903, 10.1372716793903], "sigmas": [0.792160150010426, 0.791323811747478, 0.791323811747478], "scores": [7.94915507220501, 7.76330024414788, 7.76330024414788], "ranks": [175, 177, 177], "wins": 184, "losses": 303, "strat": "Unknown"}