{"mus": [21.3055573879054], "sigmas": [0.826704200145219], "scores": [18.8254447874698], "ranks": [134], "wins": 70, "losses": 90, "strat": "Unknown"}