{"mus": [21.3055573879054, 21.516803738074], "sigmas": [0.826704200145219, 0.822472372549654], "scores": [18.8254447874698, 19.049386620425], "ranks": [134, 134], "wins": 73, "losses": 91, "strat": "Unknown"}