{"mus": [37.7619451015388], "sigmas": [0.867580081386755], "scores": [35.1592048573785], "ranks": [53], "wins": 280, "losses": 191, "strat": "Unknown"}