{"mus": [37.7619451015388, 37.986048552454, 37.986048552454], "sigmas": [0.867580081386755, 0.860039488053379, 0.860039488053379], "scores": [35.1592048573785, 35.4059300882939, 35.4059300882939], "ranks": [53, 55, 54], "wins": 283, "losses": 192, "strat": "Unknown"}