{"mus": [27.8872478514186, 27.1045701951335], "sigmas": [1.14621294875813, 1.10475793474655], "scores": [24.4486090051441, 23.7902963908939], "ranks": [105, 111], "wins": 241, "losses": 263, "strat": "Unknown"}