{"mus": [27.8872478514186], "sigmas": [1.14621294875813], "scores": [24.4486090051441], "ranks": [105], "wins": 241, "losses": 259, "strat": "Unknown"}