{"mus": [36.0129300239835, 35.7849639962925], "sigmas": [0.852878886185525, 0.846547503772834], "scores": [33.4542933654269, 33.245321484974], "ranks": [59, 63], "wins": 250, "losses": 290, "strat": "Unknown"}