{"mus": [36.0129300239835], "sigmas": [0.852878886185525], "scores": [33.4542933654269], "ranks": [59], "wins": 249, "losses": 287, "strat": "Unknown"}