{"mus": [48.5790958812332, 48.5698941409976, 48.5698941409976], "sigmas": [0.892549762733216, 0.885235728001244, 0.885235728001244], "scores": [45.9014465930335, 45.9141869569939, 45.9141869569939], "ranks": [18, 20, 20], "wins": 184, "losses": 156, "strat": "Unknown"}