{"mus": [48.5790958812332], "sigmas": [0.892549762733216], "scores": [45.9014465930335], "ranks": [18], "wins": 182, "losses": 154, "strat": "Unknown"}