{"mus": [37.6321356425209], "sigmas": [1.07058007998806], "scores": [34.4203954025567], "ranks": [56], "wins": 256, "losses": 232, "strat": "Unknown"}