{"mus": [37.6321356425209, 37.0305478245028, 37.0305478245028], "sigmas": [1.07058007998806, 1.04218410182437, 1.04218410182437], "scores": [34.4203954025567, 33.9039955190297, 33.9039955190297], "ranks": [56, 61, 60], "wins": 256, "losses": 236, "strat": "Unknown"}