{"mus": [29.294185342767], "sigmas": [0.795752372627662], "scores": [26.906928224884], "ranks": [92], "wins": 231, "losses": 222, "strat": "Unknown"}