{"mus": [29.294185342767, 29.1524420363796, 29.1524420363796, 29.1524420363796], "sigmas": [0.795752372627662, 0.796185924682308, 0.796185924682308, 0.796185924682308], "scores": [26.906928224884, 26.7638842623327, 26.7638842623327, 26.7638842623327], "ranks": [92, 93, 92, 92], "wins": 232, "losses": 225, "strat": "Unknown"}