{"mus": [12.7713506834635], "sigmas": [0.787723883379591], "scores": [10.4081790333247], "ranks": [168], "wins": 238, "losses": 251, "strat": "Unknown"}