{"mus": [12.7713506834635, 12.5310291297241], "sigmas": [0.787723883379591, 0.786219514285834], "scores": [10.4081790333247, 10.1723705868666], "ranks": [168, 169], "wins": 239, "losses": 254, "strat": "Unknown"}