{"mus": [39.1236910214982], "sigmas": [0.877286697657951], "scores": [36.4918309285243], "ranks": [48], "wins": 182, "losses": 229, "strat": "Unknown"}