{"mus": [39.1236910214982, 38.9269157849407, 38.9269157849407, 38.9269157849407], "sigmas": [0.877286697657951, 0.869245589777701, 0.869245589777701, 0.869245589777701], "scores": [36.4918309285243, 36.3191790156076, 36.3191790156076, 36.3191790156076], "ranks": [48, 52, 51, 50], "wins": 183, "losses": 232, "strat": "Unknown"}