{"mus": [57.4665597781525, 58.0892381284948, 58.0892381284948, 58.0892381284948], "sigmas": [0.951346313405865, 0.939075477939711, 0.939075477939711, 0.939075477939711], "scores": [54.6125208379349, 55.2720116946757, 55.2720116946757, 55.2720116946757], "ranks": [7, 6, 6, 6], "wins": 289, "losses": 223, "strat": "Unknown"}