{"mus": [57.4665597781525], "sigmas": [0.951346313405865], "scores": [54.6125208379349], "ranks": [7], "wins": 285, "losses": 223, "strat": "Unknown"}