{"mus": [29.5210745098677, 29.5542736560724, 29.5542736560724], "sigmas": [0.987039168932595, 0.968922663349084, 0.968922663349084], "scores": [26.5599570030699, 26.6475056660252, 26.6475056660252], "ranks": [94, 94, 93], "wins": 201, "losses": 242, "strat": "Unknown"}