{"mus": [29.5210745098677], "sigmas": [0.987039168932595], "scores": [26.5599570030699], "ranks": [94], "wins": 199, "losses": 240, "strat": "Unknown"}