{"mus": [39.4732791555605, 39.1009444149094], "sigmas": [0.81022250278943, 0.808214006925405], "scores": [37.0426116471923, 36.6763023941331], "ranks": [44, 48], "wins": 241, "losses": 221, "strat": "Unknown"}