{"mus": [39.4732791555605], "sigmas": [0.81022250278943], "scores": [37.0426116471923], "ranks": [44], "wins": 241, "losses": 217, "strat": "Unknown"}