{"mus": [23.9453564456025, 23.5590965770927], "sigmas": [0.848226840180862, 0.842836461438223], "scores": [21.4006759250599, 21.030587192778], "ranks": [124, 127], "wins": 62, "losses": 73, "strat": "Unknown"}