{"mus": [23.9047580412113], "sigmas": [0.792263687291793], "scores": [21.5279669793359], "ranks": [122], "wins": 208, "losses": 266, "strat": "Unknown"}