{"mus": [23.9453564456025], "sigmas": [0.848226840180862], "scores": [21.4006759250599], "ranks": [124], "wins": 62, "losses": 68, "strat": "Unknown"}