{"mus": [23.9047580412113, 23.4982019619681], "sigmas": [0.792263687291793, 0.790638631118283], "scores": [21.5279669793359, 21.1262860686133], "ranks": [122, 126], "wins": 208, "losses": 270, "strat": "Unknown"}