{"mus": [15.2185257298989, 15.2751216161417, 15.2751216161417], "sigmas": [0.85060278454586, 0.844272691421797, 0.844272691421797], "scores": [12.6667173762613, 12.7423035418764, 12.7423035418764], "ranks": [162, 164, 164], "wins": 67, "losses": 62, "strat": "Unknown"}