{"mus": [15.2185257298989], "sigmas": [0.85060278454586], "scores": [12.6667173762613], "ranks": [162], "wins": 65, "losses": 60, "strat": "Unknown"}