{"mus": [30.3885851442012], "sigmas": [0.836056588126256], "scores": [27.8804153798224], "ranks": [88], "wins": 69, "losses": 68, "strat": "Unknown"}