{"mus": [30.3885851442012, 30.4885858396574, 30.4885858396574], "sigmas": [0.836056588126256, 0.832335621051093, 0.832335621051093], "scores": [27.8804153798224, 27.9915789765041, 27.9915789765041], "ranks": [88, 89, 88], "wins": 71, "losses": 69, "strat": "Unknown"}