{"mus": [44.1457261997379], "sigmas": [0.874869917884066], "scores": [41.5211164460857], "ranks": [28], "wins": 246, "losses": 212, "strat": "Unknown"}