{"mus": [67.3179653953525, 67.190061469459, 67.190061469459], "sigmas": [1.09177934237915, 1.05614410617842, 1.05614410617842], "scores": [64.042627368215, 64.0216291509238, 64.0216291509238], "ranks": [3, 2, 2], "wins": 187, "losses": 155, "strat": "Unknown"}