{"mus": [44.1457261997379, 43.9694739602767, 43.9694739602767], "sigmas": [0.874869917884066, 0.86812456308883, 0.86812456308883], "scores": [41.5211164460857, 41.3651002710102, 41.3651002710102], "ranks": [28, 32, 31], "wins": 247, "losses": 215, "strat": "Unknown"}