{"mus": [67.3179653953525], "sigmas": [1.09177934237915], "scores": [64.042627368215], "ranks": [3], "wins": 185, "losses": 153, "strat": "Unknown"}