{"mus": [14.5128383319965, 14.6664124488641, 14.6664124488641], "sigmas": [0.831420740256131, 0.827090768193532, 0.827090768193532], "scores": [12.0185761112281, 12.1851401442835, 12.1851401442835], "ranks": [165, 165, 165], "wins": 45, "losses": 91, "strat": "Unknown"}