{"mus": [14.5128383319965], "sigmas": [0.831420740256131], "scores": [12.0185761112281], "ranks": [165], "wins": 42, "losses": 90, "strat": "Unknown"}