{"mus": [21.5265777106075], "sigmas": [1.24369997928218], "scores": [17.7954777727609], "ranks": [139], "wins": 92, "losses": 144, "strat": "Unknown"}