{"mus": [57.9059869353412, 61.6051626271464], "sigmas": [8.333, 8.333], "scores": [32.9069869353412, 36.6061626271464], "ranks": [61, 50], "wins": 126, "losses": 75, "strat": "Unknown"}