{"mus": [57.9059869353412], "sigmas": [8.333], "scores": [32.9069869353412], "ranks": [61], "wins": 123, "losses": 74, "strat": "Unknown"}