{"mus": [21.5265777106075, 21.9336540235247], "sigmas": [1.24369997928218, 1.18941144772866], "scores": [17.7954777727609, 18.3654196803387], "ranks": [139, 141], "wins": 95, "losses": 145, "strat": "Unknown"}