{"mus": [39.8378814444234, 38.8930690766645], "sigmas": [2.24976732823405, 1.94529064256541], "scores": [33.0885794597213, 33.0571971489683], "ranks": [60, 64], "wins": 309, "losses": 305, "strat": "Unknown"}