{"mus": [39.8378814444234], "sigmas": [2.24976732823405], "scores": [33.0885794597213], "ranks": [60], "wins": 308, "losses": 301, "strat": "Unknown"}