{"mus": [38.12489721146], "sigmas": [0.859527225310053], "scores": [35.5463155355298], "ranks": [52], "wins": 243, "losses": 246, "strat": "Unknown"}