{"mus": [25.0, 25.0], "sigmas": [8.333, 8.333], "scores": [0.000999999999997669, 0.000999999999997669], "ranks": [455, 456], "wins": 4, "losses": 0, "strat": "Unknown"}