{"mus": [21.0015813209686], "sigmas": [0.789674737091259], "scores": [18.6325571096948], "ranks": [137], "wins": 173, "losses": 184, "strat": "Unknown"}