{"mus": [40.4236451914652], "sigmas": [0.851106789243204], "scores": [37.8703248237356], "ranks": [42], "wins": 245, "losses": 221, "strat": "Unknown"}