{"mus": [17.082745941235, 17.0990783368675, 17.0990783368675], "sigmas": [0.841801390570439, 0.836367450594428, 0.836367450594428], "scores": [14.5573417695237, 14.5899759850843, 14.5899759850843], "ranks": [156, 157, 157], "wins": 53, "losses": 77, "strat": "Unknown"}