{"mus": [40.4236451914652, 40.6100571773462], "sigmas": [0.851106789243204, 0.845876470602204], "scores": [37.8703248237356, 38.0724277655396], "ranks": [42, 45], "wins": 248, "losses": 222, "strat": "Unknown"}