{"mus": [19.6314629924402], "sigmas": [0.839586502451189], "scores": [17.1127034850866], "ranks": [145], "wins": 68, "losses": 59, "strat": "Unknown"}