{"mus": [17.082745941235], "sigmas": [0.841801390570439], "scores": [14.5573417695237], "ranks": [156], "wins": 51, "losses": 75, "strat": "Unknown"}