{"mus": [21.0015813209686, 21.1557469705058, 21.1557469705058], "sigmas": [0.789674737091259, 0.789304491169093, 0.789304491169093], "scores": [18.6325571096948, 18.7878334969985, 18.7878334969985], "ranks": [137, 137, 137], "wins": 176, "losses": 185, "strat": "Unknown"}