{"mus": [19.6314629924402, 20.0184257222623], "sigmas": [0.839586502451189, 0.835100226460254], "scores": [17.1127034850866, 17.5131250428816], "ranks": [145, 144], "wins": 72, "losses": 59, "strat": "Unknown"}