{"mus": [38.12489721146, 38.5353359558912, 38.5353359558912, 38.5353359558912], "sigmas": [0.859527225310053, 0.853147087601085, 0.853147087601085, 0.853147087601085], "scores": [35.5463155355298, 35.9758946930879, 35.9758946930879, 35.9758946930879], "ranks": [52, 54, 53, 52], "wins": 247, "losses": 246, "strat": "Unknown"}