{"mus": [56.0948188676078], "sigmas": [8.333], "scores": [31.0958188676078], "ranks": [76], "wins": 236, "losses": 207, "strat": "Unknown"}