{"mus": [56.0948188676078, 58.7737798631158, 58.7737798631158, 58.7737798631158], "sigmas": [8.333, 3.92215778201819, 3.92215778201819, 3.92215778201819], "scores": [31.0958188676078, 47.0073065170612, 47.0073065170612, 47.0073065170612], "ranks": [76, 16, 16, 16], "wins": 238, "losses": 210, "strat": "Unknown"}