{"mus": [10.1471701327356, 10.3281193058197], "sigmas": [0.785466456407433, 0.785093183201445], "scores": [7.79077076351327, 7.97283975621539], "ranks": [176, 174], "wins": 237, "losses": 260, "strat": "Unknown"}