{"mus": [10.1471701327356], "sigmas": [0.785466456407433], "scores": [7.79077076351327], "ranks": [176], "wins": 234, "losses": 259, "strat": "Unknown"}