{"mus": [22.1084244650873], "sigmas": [0.786308024584311], "scores": [19.7495003913344], "ranks": [130], "wins": 219, "losses": 262, "strat": "Unknown"}