{"mus": [22.1084244650873, 22.1323450736375, 22.1323450736375], "sigmas": [0.786308024584311, 0.787400435374213, 0.787400435374213], "scores": [19.7495003913344, 19.7701437675148, 19.7701437675148], "ranks": [130, 131, 131], "wins": 221, "losses": 264, "strat": "Unknown"}