{"mus": [26.2086024089041, 26.2158750336781], "sigmas": [0.788735941426954, 0.788384124101693], "scores": [23.8423945846233, 23.850722661373], "ranks": [109, 110], "wins": 168, "losses": 180, "strat": "Unknown"}