{"mus": [26.2086024089041], "sigmas": [0.788735941426954], "scores": [23.8423945846233], "ranks": [109], "wins": 166, "losses": 178, "strat": "Unknown"}