{"mus": [35.0576987691968], "sigmas": [0.846224708173633], "scores": [32.5190246446759], "ranks": [67], "wins": 65, "losses": 65, "strat": "Unknown"}