{"mus": [35.0576987691968, 35.2573725496555, 35.2573725496555, 35.2573725496555], "sigmas": [0.846224708173633, 0.840371433790887, 0.840371433790887, 0.840371433790887], "scores": [32.5190246446759, 32.7362582482828, 32.7362582482828, 32.7362582482828], "ranks": [67, 66, 65, 64], "wins": 68, "losses": 66, "strat": "Unknown"}