{"mus": [16.0155061038308, 16.4254164606116], "sigmas": [1.21655413608725, 1.1655816704473], "scores": [12.3658436955691, 12.9286714492698], "ranks": [163, 163], "wins": 20, "losses": 29, "strat": "Unknown"}