{"mus": [16.0155061038308], "sigmas": [1.21655413608725], "scores": [12.3658436955691], "ranks": [163], "wins": 17, "losses": 28, "strat": "Unknown"}