{"mus": [26.0492052109746, 25.659694538818, 25.659694538818], "sigmas": [0.838473840383813, 0.83379697408004, 0.83379697408004], "scores": [23.5337836898231, 23.1583036165779, 23.1583036165779], "ranks": [111, 115, 114], "wins": 62, "losses": 72, "strat": "Unknown"}