{"mus": [26.0492052109746], "sigmas": [0.838473840383813], "scores": [23.5337836898231], "ranks": [111], "wins": 62, "losses": 68, "strat": "Unknown"}