{"mus": [35.0904058328587], "sigmas": [1.33261748127139], "scores": [31.0925533890446], "ranks": [77], "wins": 58, "losses": 64, "strat": "Unknown"}