{"mus": [35.0904058328587, 35.0663053250684, 35.0663053250684, 35.0663053250684], "sigmas": [1.33261748127139, 1.26301013181273, 1.26301013181273, 1.26301013181273], "scores": [31.0925533890446, 31.2772749296302, 31.2772749296302, 31.2772749296302], "ranks": [77, 76, 75, 74], "wins": 60, "losses": 66, "strat": "Unknown"}