{"mus": [16.2308090639884], "sigmas": [0.85214704381063], "scores": [13.6743679325565], "ranks": [161], "wins": 61, "losses": 60, "strat": "Unknown"}