{"mus": [16.2308090639884, 16.0102429165111], "sigmas": [0.85214704381063, 0.845510285770748], "scores": [13.6743679325565, 13.4737120591988], "ranks": [161, 162], "wins": 62, "losses": 63, "strat": "Unknown"}