{"mus": [21.0560174570777, 20.8442513919738], "sigmas": [0.78588831496956, 0.785230161061887], "scores": [18.698352512169, 18.4885609087881], "ranks": [136, 139], "wins": 217, "losses": 243, "strat": "Unknown"}