{"mus": [21.0560174570777], "sigmas": [0.78588831496956], "scores": [18.698352512169], "ranks": [136], "wins": 216, "losses": 239, "strat": "Unknown"}