{"mus": [8.20470305476639], "sigmas": [0.911102087124351], "scores": [5.47139679339333], "ranks": [180], "wins": 106, "losses": 100, "strat": "Unknown"}