{"mus": [8.20470305476639, 8.30774238799604], "sigmas": [0.911102087124351, 0.905194566742561], "scores": [5.47139679339333, 5.59215868776836], "ranks": [180, 180], "wins": 109, "losses": 101, "strat": "Unknown"}