{"mus": [22.018569648583, 26.1822124392452], "sigmas": [8.333, 3.74331051939373], "scores": [-2.980430351417, 14.952280881064], "ranks": [496, 156], "wins": 77, "losses": 98, "strat": "Unknown"}