{"mus": [22.018569648583], "sigmas": [8.333], "scores": [-2.980430351417], "ranks": [496], "wins": 74, "losses": 97, "strat": "Unknown"}