{"mus": [27.049148397873], "sigmas": [0.844102561227668], "scores": [24.51684071419], "ranks": [104], "wins": 72, "losses": 61, "strat": "Unknown"}