{"mus": [27.049148397873, 27.2650840905991, 27.2650840905991, 27.2650840905991], "sigmas": [0.844102561227668, 0.838121941606195, 0.838121941606195, 0.838121941606195], "scores": [24.51684071419, 24.7507182657805, 24.7507182657805, 24.7507182657805], "ranks": [104, 105, 104, 104], "wins": 75, "losses": 62, "strat": "Unknown"}