{"mus": [36.1786086659305], "sigmas": [2.07740263943707], "scores": [29.9464007476193], "ranks": [79], "wins": 62, "losses": 59, "strat": "Unknown"}