{"mus": [36.1786086659305, 35.0421085247722], "sigmas": [2.07740263943707, 1.81514297707172], "scores": [29.9464007476193, 29.5966795935571], "ranks": [79, 82], "wins": 63, "losses": 62, "strat": "Unknown"}