{"mus": [40.2917957977621], "sigmas": [1.10012325060189], "scores": [36.9914260459564], "ranks": [45], "wins": 154, "losses": 138, "strat": "Unknown"}