{"mus": [40.2917957977621, 39.9360011088163, 39.9360011088163, 39.9360011088163], "sigmas": [1.10012325060189, 1.06640910130575, 1.06640910130575, 1.06640910130575], "scores": [36.9914260459564, 36.7367738048991, 36.7367738048991, 36.7367738048991], "ranks": [45, 47, 46, 45], "wins": 155, "losses": 141, "strat": "Unknown"}