{"mus": [24.0316779772505, 23.8465314369608, 23.8465314369608, 23.8465314369608], "sigmas": [0.8450340807373, 0.839694673716243, 0.839694673716243, 0.839694673716243], "scores": [21.4965757350386, 21.327447415812, 21.327447415812, 21.327447415812], "ranks": [123, 124, 123, 123], "wins": 67, "losses": 62, "strat": "Unknown"}