{"mus": [24.0316779772505], "sigmas": [0.8450340807373], "scores": [21.4965757350386], "ranks": [123], "wins": 66, "losses": 59, "strat": "Unknown"}