{"mus": [37.7203345180709], "sigmas": [1.94928684582475], "scores": [31.8724739805966], "ranks": [71], "wins": 235, "losses": 255, "strat": "Unknown"}