{"mus": [37.7203345180709, 37.75213171899, 37.75213171899], "sigmas": [1.94928684582475, 1.73232804557313, 1.73232804557313], "scores": [31.8724739805966, 32.5551475822706, 32.5551475822706], "ranks": [71, 71, 70], "wins": 238, "losses": 257, "strat": "Unknown"}