{"mus": [30.5320288252961], "sigmas": [0.857557186984832], "scores": [27.9593572643416], "ranks": [87], "wins": 64, "losses": 57, "strat": "Unknown"}