{"mus": [30.5320288252961, 30.5188037348395, 30.5188037348395], "sigmas": [0.857557186984832, 0.850743404700843, 0.850743404700843], "scores": [27.9593572643416, 27.9665735207369, 27.9665735207369], "ranks": [87, 90, 89], "wins": 66, "losses": 59, "strat": "Unknown"}