{"mus": [30.8825673744343, 31.0820426419092], "sigmas": [0.824124710296733, 0.821115749521682], "scores": [28.4101932435441, 28.6186953933442], "ranks": [85, 85], "wins": 78, "losses": 72, "strat": "Unknown"}