{"mus": [30.8825673744343], "sigmas": [0.824124710296733], "scores": [28.4101932435441], "ranks": [85], "wins": 75, "losses": 71, "strat": "Unknown"}