{"mus": [22.2703053013115], "sigmas": [1.16774626189459], "scores": [18.7670665156277], "ranks": [135], "wins": 91, "losses": 93, "strat": "Unknown"}