{"mus": [22.2703053013115, 22.267257533293], "sigmas": [1.16774626189459, 1.12944579521442], "scores": [18.7670665156277, 18.8789201476497], "ranks": [135, 136], "wins": 93, "losses": 95, "strat": "Unknown"}