{"mus": [59.3285043230368, 59.1170755285494, 59.1170755285494], "sigmas": [0.897392616432026, 0.894151470063816, 0.894151470063816], "scores": [56.6363264737407, 56.434621118358, 56.434621118358], "ranks": [6, 5, 5], "wins": 255, "losses": 220, "strat": "Unknown"}