{"mus": [59.3285043230368], "sigmas": [0.897392616432026], "scores": [56.6363264737407], "ranks": [6], "wins": 254, "losses": 215, "strat": "Unknown"}