{"mus": [19.7809694673451], "sigmas": [1.91279260332474], "scores": [14.0425916573709], "ranks": [158], "wins": 105, "losses": 115, "strat": "Unknown"}