{"mus": [19.7809694673451, 19.6660107446275, 19.6660107446275, 19.6660107446275], "sigmas": [1.91279260332474, 1.70741601383116, 1.70741601383116, 1.70741601383116], "scores": [14.0425916573709, 14.543762703134, 14.543762703134, 14.543762703134], "ranks": [158, 158, 158, 158], "wins": 107, "losses": 117, "strat": "Unknown"}